{
  "version": 2,
  "builds": [
    {
      "src": "**/*",
      "use": "@vercel/static"
    }
  ],
  "routes": [
    {
      "src": "/",
      "dest": "/index.html"
    },
    {
      "src": "/setup",
      "dest": "/setup.html"
    },
    {
      "src": "/test",
      "dest": "/test.html"
    },
    {
      "src": "/debug",
      "dest": "/debug-webhook.html"
    }
  ],
  "headers": [
    {
      "source": "/(.*)",
      "headers": [
        {
          "key": "X-Content-Type-Options",
          "value": "nosniff"
        },
        {
          "key": "X-Frame-Options",
          "value": "DENY"
        },
        {
          "key": "X-XSS-Protection",
          "value": "1; mode=block"
        }
      ]
    }
  ]
}
